transaction_id,count
009b4c26-f66b-4170-b97b-43f1b889ab10,1
011d3354-51a5-49d4-9432-4b68738a59db,1
0125bf9a-61e4-4612-b3dc-b22d1db4817b,1
02084d5e-d7ea-4d00-8f5e-71edf9127357,1
02377dd5-da15-4c1c-af74-1b59583043d2,1
026a5d7b-7312-4064-8c9d-9dc289ec9f56,1
027fa76c-379d-4605-b1a8-efcc6995798e,1
02965a37-4166-44de-8d39-cacefaaa5980,1
03798a74-70da-4406-bcfc-7761eb0fe65e,1
03d5d9e7-0454-43e8-90d6-17d054f01b85,1
03ee35ca-1444-4f62-97b4-31929216ef00,1
040cfea0-58ea-4a19-8347-637976c481ad,1
04597ae0-ee24-49f5-b235-d2c9f6612859,1
04d8c023-5cb6-4502-a14c-4b2e33cdf2a2,1
04e5a637-612e-4dcc-83ed-159385dd3437,1
04f945a9-6940-4e78-9fb9-dcf9a9f9378f,1
053cbd10-b341-4948-ae8a-116f7177f246,1
056a5a9f-52f4-4773-a020-beeb0244e937,1
058ec70d-30ac-4175-b287-7a7b19456d17,1
06c1cbb1-dbce-4196-950e-d26214a0f989,1
06ee45dd-4f31-494b-84ca-40e963c947e3,1
073afcd0-bef8-4333-af4d-357557c73ff9,1
074b3616-8b95-434b-8e96-557dc46887ee,1
0760833b-b8ab-4f02-95a4-bfecf1ed710e,1
077d2495-eda1-4ed0-86a6-9706e67e713a,1
07922046-056d-4307-ae01-04540153bb94,1
07c73ac7-ab46-4760-9722-e983cbb28fb8,1
082a2d17-a572-42f3-bc4b-ebb28533b2a8,1
0880ffd5-fccf-4c88-8266-9b27c33305ec,1
08aa8f43-3aa9-4300-9805-d0408fb4ca58,1
08e9e88a-c66f-4864-9a7c-cf3071f30902,1
096b7cd7-8e0d-4100-bdeb-631714aa91cc,1
09715bf3-9dc0-4c40-8310-ee4bdc3b8387,1
09770441-2a7e-4dd8-9c45-bdc68d9af588,1
09b55002-3a44-40b0-a9c5-bcc0346a6c1c,1
09dd5abc-1203-4080-aca8-259e3cc15303,1
0a30f01e-2e4d-459d-80ce-bd65fef9658b,1
0a3220f5-7f53-4bcf-867d-538dd4523789,1
0a45fe81-e8d5-46e2-ab0e-8df83e8743d0,1
0a560442-2357-4167-bef5-65452b5d8fa5,1
0a816a5f-a35a-464d-8f31-3ea7c030e82a,1
0aa83e5c-8f57-418e-b9eb-2d64e4472839,1
0b39d299-29a1-4d55-9f29-91c93435412d,1
0b547dcd-547f-4450-a75c-73bf9a8365bf,1
0b6bc91f-2e64-4050-8167-2d8b581a0f68,1
0b6e099c-281c-4928-9acf-26bbe9564f5d,1
0b7fcb11-165b-4c33-a8ed-b4793841cd8c,1
0b90b511-1670-43f2-ade6-8239ffaa997e,1
0c180484-2bda-49c6-a46f-d288c37f3029,1
0c34b3bc-aeb1-40dd-addb-8d68fa584d1a,1
0d785cd9-064f-4cf8-a6fc-aa0fc74710e8,1
0db1dc1a-a1a6-4f9a-9f9f-d1be49044cfc,1
0e7fbc4d-eea7-4d7d-ba8d-80aa53446c74,1
0ecabb21-1cd6-4311-b58e-158802865b38,1
0f024364-de63-4a99-b996-4a1c63dd364a,1
0f21ab01-6bbd-43f4-a80b-f9ca14f4b6df,1
0f64f1ac-5d42-417c-a74d-91b2d27c5ce1,1
0f790af8-9337-4523-82a7-5ab7848a4462,1
0fbcf6b6-52b2-4f53-8532-e26d83abf1dd,1
0fc06654-529e-4460-90ae-d221cabd3dc0,1
10e71879-483c-4874-a9c9-8afe6e516772,1
117e482a-9d8d-40c2-905a-ada5230aeae8,1
11953151-daa2-4941-8c25-d41864707552,1
11d01c0c-a6a8-44d1-a506-ded3557dde64,1
11ee401f-798e-4d9c-8ce3-58dd41449cd8,1
125d1ad4-7147-4053-91b9-6c82f7879083,1
127bfac3-6f22-49fa-af84-fd9a3a8c261d,1
1292d3c6-c1ee-4e88-b621-b4654508bf23,1
13a81dcd-f826-48dc-97d3-18601e109ad2,1
13c38349-d681-4ae3-92cd-bee0a9cf52bc,1
13c3b0ab-492d-4fd4-bd63-dcf18995e414,1
143984a2-ca8c-45ad-a681-280efbc2886b,1
14737083-622b-4a74-81db-0771b3a578a0,1
14aaafe0-322a-4152-83bb-73b87051e912,1
14dab6f3-50de-40b1-9051-b391da001e7a,1
14ee2037-e048-4e80-9831-c5af2b0ab700,1
152b2dc5-44f0-4076-a5fb-117152c34345,1
153651b5-a269-4f95-a72a-ae37aa9a6779,1
1576ba75-a05d-4a5f-a739-29f98d5e0e37,1
15a81c5b-b463-4a9b-94fb-2775160e3124,1
165b5fa4-da99-4c7a-a726-74888cec34a8,1
167ff125-29e3-4dd5-a16c-7c301fd2a850,1
1689d1ab-7cfb-4846-a0b6-4960b28d3768,1
17916a51-d0db-4da7-b463-d75407a800fa,1
17b42aef-2e39-4607-8f9b-1bc12939f3b3,1
17e1c38f-4108-448d-a033-ba668c7d3358,1
1807517f-fc6b-4393-94f5-4f0350e5c97b,1
1808d194-8526-454f-b10e-680e08cb7395,1
186e66f1-9f92-495c-995a-76cae50ea8e0,1
187ad8d4-fe59-4743-a4e7-9065f19f4284,1
18c68bd6-99ac-4933-a5a3-9dc8795089ab,1
18da003b-9fa3-4611-a1ac-0e6ff2231b48,1
18f3b353-e7b9-428c-8114-fe128192ff86,1
19089de5-b8ed-4d16-b7f5-b3659076155f,1
1946b2c1-2e92-4573-ae3d-8f10f2705ccb,1
19473c6d-e866-402c-a8d5-c1f997463903,1
197a1c55-e9ce-48db-b709-cf0d4a70d659,1
1997bde1-ac81-40a2-b65c-95c5d3d89475,1
19c01278-434c-4e53-9921-7e5bf751ce8a,1
19cade8b-b224-4388-82ff-676065cb3cca,1
1a23d351-67a1-4b6d-a10c-81e0cc158637,1
1a5639b6-d03d-40f8-8de4-71ce5ed3821e,1
1a70547e-ae62-4b01-a3ea-8261cf678b25,1
1a8464dc-98f1-4c29-9458-375ff1e5e4be,1
1a991a76-648d-4c3c-97b8-2aedd8cdf95b,1
1b32c246-761f-48ba-be4b-9bc71c519c9b,1
1b68b16f-05aa-4cb6-a566-15e4fffae49d,1
1b78deb1-7703-4eed-8f40-5c5051a66caa,1
1b84bc7b-99b1-4aaa-bff3-c7d93a435569,1
1b84e45d-2563-48c0-bb1d-01a83c83023f,1
1c3fecba-1869-4430-bfcb-a508b6ed4175,1
1c5897da-ecea-4bbd-9835-944d40d68e8b,1
1c6dce2b-bd64-473e-9792-62a63e7e5027,1
1ca40b09-f60f-4a25-815f-fc1e6c3a8af2,1
1d2f5692-d22c-444c-9be8-5cdca9d5feb6,1
1d35ee1c-72be-4788-b73f-fef103f443ec,1
1d41d1fa-30ae-4ea6-8942-06073b653728,1
1dca31f2-c971-4261-a1af-ff72bb860602,1
1e79e84c-5168-465e-9e7d-8a8ff4b015ea,1
1ed8a513-055b-4cdd-96e6-1f913c969594,1
1f0a1813-2029-45c7-b1fd-1a4aa395fccf,1
1fc3c633-36cb-43d9-9ea2-9df43f1617e6,1
1fdee897-c762-4cc6-800c-63171114b3d1,1
1fea9df1-c763-4f06-8ada-f75c33f864ed,1
20013c0b-d329-4be2-8460-3526dcf792fe,1
20034b42-b02d-4bfc-9f48-e9b157d4d9ba,1
20521826-dbca-408f-a8d9-1bf29023f083,1
20784c35-2be7-42ef-901f-b4e50a387d5a,1
21179170-8350-41f1-91e8-26856e146d56,1
211a3898-5e7e-4e97-b359-c38d44673879,1
215f7aa4-21ce-431c-847c-801d63a493df,1
21655542-b24f-4d77-b1ad-b45d2ede86a9,1
21681601-3fce-439c-9dd1-4932c6047a8a,1
218f1b0d-6802-47c9-aae2-90d7aee72dcb,1
21994830-9eef-4e1b-ad98-453228fdf253,1
22085192-4cea-4bec-85ea-4fa51bae9550,1
2250843e-c3ae-4c7a-ace5-a7d52bcc08b9,1
22a0e35f-6449-4f6e-87f6-aaa6a9aba8ec,1
2349e039-e4bc-44a4-8953-7785becbf6a0,1
2396981d-0cda-4c5d-90d7-e7ea99476302,1
239d14b4-d637-49f1-8bfd-7a710d7689d6,1
23c67e55-b9e9-4c16-bb53-f81d56f7821c,1
23e5117e-0108-4dcf-8b3b-72b472ffee58,1
2413d54a-3518-46f8-8feb-55d5db6b5a12,1
24913912-dfcb-41f9-8f82-af0fd5cdb642,1
24a7175d-3bcb-47b7-aaa4-b86a3e89dc3d,1
24b9edb4-9817-4d47-9298-ba281d3dfb06,1
254e322c-bd96-422e-9ed2-fd0b10e7ce5e,1
26e24f96-cb9a-4328-860f-901e14b12c67,1
271bd6a5-6286-4957-a1a1-db635d715bfa,1
279369ea-a1d2-4f55-8679-d083ea0b0e21,1
27cf0f70-530e-445c-afac-51cb187e81a8,1
27d308a6-b22f-4818-8dc5-2390d5df9428,1
28130c09-04f0-424d-8428-646ec2d76ec1,1
282d0d1c-9bc7-44f2-a38c-4e3bb008d5f6,1
289ae5f0-c695-4ee7-9ee3-cd2fadb59987,1
28cb87f6-81ee-48b6-b117-8518b7c889a6,1
28f560f0-3914-4963-97e4-04759cbc1a34,1
291e408c-059e-4241-b702-cb23631e39c2,1
292ddb42-dd3d-497a-8565-5e10a78e35d5,1
294de756-57e5-4e3d-950a-07fc85eb26a1,1
29d88524-4696-4fb8-bb53-789315fa094c,1
2a261cec-7561-40d2-ab3c-d7720af097b3,1
2a2b9d9b-029f-4706-9bf6-20609c392ab5,1
2a413b5a-6eba-430c-847b-8e069e984d83,1
2a4222bc-b48f-48ae-a233-5716a40edd19,1
2a5c4640-5f4e-49b9-a318-5a52a02d32ae,1
2add7b88-297a-4fcd-a57a-355a890289c8,1
2b6c2deb-82a6-4654-a10f-51aae9671f21,1
2b874efa-afc7-436a-960d-48fdd82b2cbe,1
2bbad064-bdef-4817-80eb-186d2ad8bca1,1
2bcacabb-4ffa-4264-a6cd-79d50511f73b,1
2c24291e-4e8a-4eb5-8d34-58725fe4ef50,1
2c4ddd51-ecee-42c6-8276-7ee4ae866185,1
2c6b554f-ff0b-4d9d-ba02-1fecaf01459b,1
2c96c6b4-4e86-431c-97a8-161e0ca6fabd,1
2c979747-4e1a-4c89-a531-5c486cbd368e,1
2cde27bb-3109-414e-81dd-f36dfeed1d6e,1
2cefebe7-4b0e-4d07-b318-7fb83f5c6589,1
2d79b15c-bc8a-4eff-b45d-a1192a8e06ec,1
2da3221a-1bb2-4d26-8ec9-aaca1868de03,1
2e0e2387-7770-42c7-90e0-6c18b95e7ac1,1
2e5753b1-f8a6-4bc0-9c61-515d455a955c,1
2f1b8519-3c53-4704-a61f-34a353da34b8,1
3023257b-554d-4e89-aec1-8fa1cf012f58,1
30382bd0-a9e8-48ee-992c-60d6799ebcf2,1
306616be-5a8f-48d5-89e6-c07bcfca3cfa,1
30b9bfce-ea66-4d57-942c-f9f3a67ecdf6,1
30d40f7b-5ad6-4d3a-8986-eb06edee9c21,1
30f6cd49-72f8-42c3-95e6-3fd7462dbb75,1
310ba6fb-b561-4f17-8c54-baa956d3157a,1
311030c4-6c95-4204-b20e-9241892c0698,1
31594f79-55e1-4342-95d5-5dc050743b32,1
31f6cd1c-c044-4495-bfb2-145306c488c3,1
320b95aa-25bf-4da6-9d75-937e9db23bb2,1
3217a4a1-f0ec-4c80-9a85-99506f2a242e,1
324ce5a3-7cb5-4f28-9cee-1e5edbabf968,1
328a998f-bbcc-457e-aec9-37d572863847,1
32ab21d6-8646-4a49-8b74-56806ec3a5ce,1
32fc16fc-7df5-4a8c-a34f-6863e0bc3d30,1
32fc1de2-ce14-41da-9268-986d88482087,1
3322b321-915b-455c-a6ad-83ef231de657,1
341ddfb3-1b9b-4569-9c92-9bc98200ea0a,1
34c047d8-7d4a-40ce-8315-aeaf10c93633,1
34e06f46-99f9-4967-bd4f-010c294dc0e0,1
350a4b22-06c8-4c16-8cac-1977322306ae,1
352ad01a-3cf0-41c9-a94e-16eabea17141,1
353f17e5-b789-4c97-9ea7-6da32e83aa3a,1
355cce4e-4950-4fb4-b814-f263733aacfa,1
35978660-6ca6-48d5-bb21-ed0490b54143,1
35a83b53-fb49-4344-9a4a-0d6c297046cd,1
35e1de7a-d10d-4116-95b2-dd96bd7efb5d,1
369b6f3a-bc2e-4332-a5b7-f88e5e1f66d7,1
36c44150-4880-461d-bdd8-5f7faec8df01,1
373c8fa0-131f-4721-9831-d8075f184c16,1
374ecc7b-6af4-4ca8-8e4a-6e1950e688f7,1
3788ed42-7f48-4149-887e-87b5bdad9b73,1
378b72dc-3a0a-462d-b2eb-eabb678e1b56,1
37babb09-b9e7-4d23-9e8b-04845aeecaea,1
38609153-9374-43c7-b089-072101446a72,1
387509fe-3154-4e5c-9a63-8fd2f4db85d2,1
38ab5834-d49a-4c4e-b9e9-e7630b2c13d1,1
38adf74b-6551-4a18-a761-4e8224f7814b,1
394c24e5-ed13-4777-a874-5062557716ec,1
396c226a-b553-43d4-869c-05d0dfcdcab5,1
39be1cc8-56f2-47fd-a885-a4d524a850d0,1
39e1caf9-6ccf-4b23-8ae3-797f932a8fca,1
39e7e0c0-4c39-40cd-8975-6c6be32be4f2,1
3a391b32-e34b-49bc-b6f3-b90467e53f6f,1
3a5fb8d4-1c88-487a-9a2c-7e041da6ab01,1
3aad8a6f-f4cb-4bb9-bd55-fce5188c4e30,1
3af11fa1-26ac-4a11-b232-348ef4bf4100,1
3af3c036-1a8b-43a4-93df-53b6f4ebfeed,1
3af853da-b9f6-4710-a57c-b1196a2c0410,1
3b3be689-26a1-4c68-9d09-9a42ff5501ec,1
3b453950-66c6-44d2-abfa-1a0573bd4735,1
3b6f7be9-81b0-4403-b5c4-441bf7d8fbce,1
3bf60d09-3a87-4b90-a7a6-0c51eb528bf6,1
3c7e05a1-e6aa-4a6c-aff8-7671f3ac2624,1
3ca9739d-5b31-4a01-8cda-9028516d0714,1
3cfc5721-8072-47bf-9dd4-b6147d4fcfa6,1
3d2a2aad-f99d-40bd-84e2-e24d9e9d808b,1
3d7ab16c-fb1f-44af-8128-ff3903c14bea,1
3d82bda0-1304-4a65-9cb3-85ac0ee857c0,1
3dba280d-30eb-4057-90ba-fbb9b01a4fd1,1
3dc7b7ae-e86a-4ba0-ba24-0c2585fb4cc8,1
3df9bddb-e1cb-44ff-9189-340a2d736b95,1
3e585086-a316-46a6-b0b9-7447d8dfe4a1,1
3eca8fa6-93d2-4c87-a3b8-ad4dbd382161,1
3f06f186-ea3e-456b-8ab3-4e1fe4221683,1
3f11d6e6-ad39-4651-91f7-3c2ceb45a379,1
3f3ab360-49e6-4400-9b3c-2f2c0d048b37,1
3f52019b-8103-461d-a600-912d41847767,1
3f618f53-23cd-45f3-b23c-6a003b9ca86b,1
3f737605-54a4-4726-b7d8-54453a9ec9ef,1
3f7bc6f1-8a16-4452-9b3e-267124a7ad22,1
3fe3fb89-e268-4b96-a9df-aca2059ecd90,1
3ff723b5-d821-4ec5-8ab9-5de66f5e19c8,1
3ff9469e-0f44-4eca-ad3d-e65188a1738d,1
4010f4f5-29c1-44f0-823e-b82df4d37764,1
403b764e-d246-4ccb-bc0f-893a901bfdb3,1
40ada384-0b59-4829-9414-bc409b006e7e,1
41169d51-97c0-429d-be71-4bb782d09706,1
414070b2-7936-42ef-8960-11f6fe076481,1
421867cb-8b76-4174-a22f-843c5e2d396d,1
423d89fe-c0fb-4d4e-b55c-e90f12824997,1
426661ea-6777-4f98-8870-f3d0a9f47953,1
429e50b0-05c2-4bbc-a78d-c1b778c5e929,1
42e6af38-beff-4377-b8da-3021d8ca208b,1
43218fd7-d71d-4c5c-a164-53db79913a7a,1
4324d5e3-0df2-44a0-9758-cb99eacef70c,1
432ad9d2-1c22-470d-9d3a-eeaf38a44a44,1
4349d802-f345-4b0d-8c54-ad3f00332361,1
4351a2a6-befe-4205-bf42-4b384cfb7551,1
438e7df3-6efe-4259-b474-985520e48baa,1
43910ad8-10bc-4abe-94e2-b91ced89a1d6,1
451be0ce-c157-4555-9f45-d0a5237492a7,1
4542df0c-0823-447a-a032-03aba706f13a,1
454ba5df-2257-4945-b42f-b66f966c5c16,1
4561f894-fc85-446e-a6bf-1f756263ce6f,1
45c09287-0c40-4827-829b-e5107a18020c,1
45d5ca39-3c20-467a-8973-5ff033619594,1
45e62742-beb1-4ea5-b812-d9452eea0776,1
46139e2d-2807-436d-ba8d-9fbaa8b62047,1
46340112-d366-4518-a81e-eaa4fce0c842,1
4696a8b8-a945-4219-98ad-5818993f51fa,1
46e5a2f7-3e7f-4498-8dca-fa32bc130a02,1
46e9aa4f-fb35-467a-8582-7c8dc07550bf,1
47012f9a-95ce-4863-9944-0307a6839182,1
4711bcc8-582f-479c-8d42-d5e1bd2b02a4,1
4754f7a3-ea98-4af9-9e80-fa43ffbfb878,1
47634c0e-f963-42e4-aa4a-047a096819d7,1
479f3a4f-1c01-4b3d-939f-5ea4fd503e56,1
47babd43-408a-4e62-91ed-24b516a137f8,1
48398118-8d31-4d60-a741-5181f4d278cf,1
4844a239-ac73-4b55-a861-57279b33eee9,1
48c39c9e-cc6e-47d6-a368-d4d9ebf7064a,1
48ee4605-0ace-4585-90ec-6341f4684663,1
494d5c2c-7a77-42c0-bb6b-e83eb991bb79,1
49c0a893-8c1a-463a-b1e6-60520908a398,1
4a0ba0f2-b306-4a59-b36f-82efdbd4321e,1
4a29e03e-08ad-4c66-8562-9aca78c5fa6f,1
4aa8060d-d050-41af-b988-e1e97e3292d9,1
4ad992a1-9620-4271-9680-391e19460635,1
4b316635-e21f-4a12-80a7-ec4ecd035329,1
4ba34514-1570-4c07-8294-2681cb55d41b,1
4bc6594a-e096-41db-8939-628e6290d4f4,1
4c21ff91-7616-4bdb-9cd0-20e56db97980,1
4c346d3c-d20d-4b51-a757-f8740849e7f7,1
4c530738-a2b8-40b1-8cf2-acc73a248ce5,1
4c53e20b-e83e-46a5-abc2-c8f049a4d5b8,1
4d3a004f-f862-4fd6-b7ec-5ed20c33a8aa,1
4dd898e4-2823-4f10-98bb-092328d48f26,1
4e495a1b-2376-4c12-b0ae-502055b0d673,1
4e6248b0-3df4-4ee2-b63e-994697028560,1
4ef8f8ce-d0b4-4775-a701-90b2d192fada,1
4f145196-4877-4705-b23b-de1266edf292,1
4f234774-3fad-4646-ac36-fe0f99a2daba,1
4f270b1a-74bf-45e9-abd3-a876f4bb287d,1
4f3d3b79-010d-4331-b00f-95e990f9389c,1
4f5362c7-6d22-4fb4-9d55-566a1ef8d39a,1
4fa3972e-2ddd-41d9-8e7b-bc2c82aa813c,1
500fcfeb-4973-4412-b5c6-85efdbbf3416,1
502231db-d84a-4cf0-b241-ed0f47360aeb,1
506e4fe4-e69a-4451-aa26-03f506aef074,1
509ade34-e245-41bf-9cfe-8374b8cca97f,1
512a84df-e664-4984-82dd-658e68c971be,1
512f3040-3569-4516-b01f-c7b763e4018f,1
514cf343-7820-4093-92cc-e995c25d0caa,1
516689e7-b758-4490-b0e9-54a67bf47eee,1
519785e3-7ad1-432d-b768-7e72c37e5488,1
519bc684-0e47-4dd2-8eb8-74ac216f079b,1
51b51bfb-35bc-4883-b5b7-75f4c60520aa,1
51c13d95-f883-461c-bf51-e596cf99b18f,1
51cd651f-7353-4a20-8142-bb49b672839f,1
522a0b26-bbd1-400a-a3fd-790499cda96a,1
5281ed66-2450-4fb6-acd7-46a81e4ebb58,1
52883544-56b7-488d-853e-645d78cd5103,1
52cef71b-909d-44e8-90e6-4ecd84a4e4dd,1
52e9e318-ab84-4ce0-84f5-7ab01afabd01,1
530c9a09-6914-4ebc-bead-741fef1c0c1b,1
530cac7f-90a0-4c1f-80cf-e5ea66b16150,1
538355db-a028-44f1-a1b5-5a8facf3eae7,1
53a174f5-4bd0-455d-ac68-ba541ef06a3b,1
53c07ec8-1bb5-4072-9842-8a261f108d36,1
545bd020-5a0f-4e8f-9064-4b79651e335d,1
5469eeb2-27b6-4f22-a0cb-8489666710f2,1
5499aad5-3fca-4cd8-8389-78c622616a28,1
54bef236-5ef2-498f-b1cd-062e4881c0a2,1
54f6f82e-08bf-41aa-9ca5-997f5038c966,1
55186067-773d-4edd-b0d1-b6510b33feb7,1
5550fe1b-293b-40dd-bd10-b02de6afe0e0,1
5554a25b-9f37-4fb1-8105-d371298b86c3,1
5590fc3e-b998-48cc-8fd7-1c7ac1fa9786,1
561ce45e-f72a-4fa5-b22b-1a32fe2bebb9,1
5666c339-80b1-4dda-ae46-d23174fccedc,1
567d317f-d218-4efd-b6f5-87e237537c9a,1
56a4ae62-66c0-4b4a-8a31-ea7e424b151c,1
56c2a034-edf4-4f55-ac03-7ba7a3f47863,1
56d721ee-fd90-4d31-8595-273c420f8929,1
56eb35dd-9f9b-4ef5-840a-abd3a3f9c8f6,1
571206be-d181-4c1e-b315-aa3fd8764ee7,1
579416a8-d1d7-4b91-ba1e-b16adc47508a,1
57a00064-48eb-4877-bf97-42899c56356d,1
57ce059c-91fe-453b-a30b-5ccbcf5fe3ac,1
57e2eb5c-c6eb-4e6d-bf70-9d00f3681f44,1
585f1c45-8ce2-4ef5-83da-ea4df1e5c3e8,1
587331b6-552b-4883-a32e-1f8807a5343f,1
58a4e119-ed2b-41dc-b671-461cb3f0ea02,1
592e12cb-d992-4c4b-b08f-9088264a3f5f,1
5a1128b9-e582-4603-a5ae-2a44403694b0,1
5a20621b-5f9d-4039-bda8-63e920d0f098,1
5a2bfd42-585f-4bbd-9e7e-454fb3faba5e,1
5b671702-ae82-4b00-87f7-7694832bd0fa,1
5b97e19a-61cd-48f0-ace6-47e221f696bd,1
5bba41d8-e9c5-4edb-b349-2bd5670c044e,1
5be9e6fd-9096-483b-b4b7-c6a73358cdc3,1
5bf3a956-6ef6-40a0-9d4b-7f86f3638f5d,1
5caf11ae-6389-48a4-81f9-3a44348b3595,1
5cdbfc86-c5b6-4c75-aebe-b08fe31aab5b,1
5cdc7313-cedb-45c9-83af-a0b8309817f4,1
5cf50bdf-eb69-4367-b83c-4f2badcad9e9,1
5cf95e8f-79ea-4902-90e7-cb48b8b5e425,1
5d64dbab-2aae-41ac-8db2-f790dcf6a07c,1
5d970af7-a0a4-4ae6-8962-23c273dd2674,1
5db3add5-1704-4570-b87e-cf00d22cc3dc,1
5de535eb-94ca-44db-9180-d8e1ba308e0e,1
5df03741-daed-40f7-9706-dab0dc935da6,1
5dfd77d3-ee3c-4da7-8705-186b24202d96,1
5e2c53c1-ee14-46bc-977e-9a6224d33c51,1
5e5dd036-31e7-4b81-9ed4-aa728d6efb9d,1
5e70b732-b7c2-4462-8a09-53b40de5b06f,1
5ed9f7ad-601e-4e35-8609-46652a208115,1
5ee5f4c0-26db-4864-9e6c-1942c97af493,1
5ef0e7f2-e61d-407c-887e-91fcc93212ae,1
5ef1321b-ff52-4ed9-8875-a9f2dc64bb70,1
5f401e29-a280-40e1-b449-f5a728b42657,1
5f64cc75-4c96-4e32-875b-1b1c206e563c,1
6061cc1b-27b3-4d15-8d47-f48279483356,1
60a2ae67-0112-479d-9837-53d0c6a95714,1
60ea4f69-a2ab-491d-9fe4-3dca9b68c4bb,1
61482dac-5cd7-42ee-9a15-da0d36918c51,1
61927c5f-1f5c-4bbc-ab40-24d0d865f122,1
61e5ebfb-d07f-4374-aef1-7cf509ba5a14,1
62732876-d145-44b6-b54a-f1bea8b79f71,1
628eccfa-3cd1-4882-b321-10239873400b,1
62931122-df75-4dde-abea-0e01fe7521ba,1
63064228-c146-4cbe-a8be-b18beffbdb2b,1
63ca765a-3466-438b-9c4e-9b641b66c9e3,1
6404ab0f-0189-4f4e-b9bb-bc86f4d10e8b,1
64405579-ce01-4556-aa2d-6f28d9b4763d,1
6459449e-e20b-4b92-b1e0-87a54fdeaaa0,1
64c1dd22-7a6f-49a7-b9fd-ae70a749d3cc,1
64d9f73d-8b20-411b-b999-0710d5fbb12b,1
64f35d91-f7cd-4a58-ad6e-39828c962a67,1
65017cde-9599-44d9-bd7b-e41134e3f431,1
6508a342-fbb7-4acd-a6a1-68e9bf2938a4,1
650fa76a-8ea8-41f5-a461-e47409392f28,1
65421f88-6813-429d-972c-d27e370fc650,1
654e09c6-5e53-4a6c-ad60-ebcb9f19e0f3,1
658c99c4-e555-406a-8416-521d15f3473c,1
659bb77b-fd2b-4b23-8777-56b4dc6665c5,1
659ca8d5-b012-41e2-8fad-48f86f027b5c,1
6625be12-7879-4e40-96fe-34da4e0c4a57,1
667f7bd3-5e8e-4660-873c-5e17b1d0b0a0,1
671d624f-dd4f-4904-8089-9fdf51f72386,1
674606b1-6f94-4c12-861b-4c6ad9d9dccf,1
67689316-9ca6-4341-95f0-37d8e0b98078,1
6785eaaa-c8b6-4c1a-8b97-8faaa91cafa4,1
67c9d82e-cd2a-488b-aba1-22214ea2f3c9,1
682db80a-8676-43c2-a3ed-5868bfa5a8ed,1
68335122-5dd1-456c-9fe2-e8f8c1c3dc13,1
68346eb8-d727-49ef-9204-6e0ad5871065,1
683ec982-4d18-42cc-b774-23fd8c9b2175,1
68d649cc-150c-47ea-ac59-5654b1d33280,1
6901ed91-4b4d-4a98-b7b8-db3e572be28a,1
69020afc-7450-4023-b068-9d7483cd4707,1
690ae6e9-6fc9-4d48-a55b-9d95365ab65e,1
69275c4b-5cda-4000-a296-85c4fb189373,1
694ef573-863e-4553-bcbd-e30651dd6179,1
695828e4-f418-4392-924d-0600146abe5d,1
69752c4f-0ea9-49ef-9fbe-ead5c5c0cd19,1
69b57cdb-1995-4b8f-963a-cf5c6362c1ff,1
69c0fa40-0eda-473d-afbd-4af2ad50eacd,1
6a3a486f-7aed-48d3-b299-1c23c7d9d928,1
6a5adca2-47d9-4746-8756-0e483454663f,1
6a800431-71ff-4a6a-a240-947fccf375e0,1
6a9dfdfb-4833-4497-9819-152a66b9e23a,1
6b4f48d2-883a-420b-8a67-8c956ffb9cd5,1
6bc566c3-292a-481d-9e88-64ffbf83009f,1
6bd7704b-cff3-4903-a60a-83dbb042b55e,1
6c72e385-116f-4720-8bc1-5c407c04e306,1
6ca91855-af1f-4cc2-9e55-655d8c1159b3,1
6d21b4f1-7df6-43d6-8a3a-2578626edeae,1
6d8c0335-3b77-44a8-bf65-5711eba11001,1
6dadff81-3c12-4420-a0b0-56860805638a,1
6df8fe74-ee82-4bc1-bebe-c6e5d37a52f3,1
6e35eee9-36b3-4c98-9bf9-0ae9fe3792b8,1
6ebd7526-1207-4b5e-ba56-f61e458c2664,1
6f17e0ae-6f8c-4a41-b474-d4594f0c1eff,1
6f3fad06-bd78-4307-8911-f6eaa406f24e,1
6f981798-442e-4441-824b-684ae3f9bc1d,1
70093e30-0e08-4fe5-ad0a-78df4186d355,1
70baff72-8f9b-4bd0-b946-c619e18df16f,1
7208368f-e050-45b5-9d29-a924c98f2b6f,1
72701625-45de-4dc9-93f2-6ab8f2c0e73a,1
72dfd28b-a1ea-446f-af70-c1379f127016,1
7355a5c3-2411-4a6a-8565-9d29e0e4e8cb,1
737703b2-9eb7-4004-8100-c59970c11056,1
7378277b-022d-4bb1-8062-b1c7807f2112,1
741f2109-4cc9-437e-8ed8-52d922935da2,1
745ec33d-ad53-4e5e-9e90-98973f2953bf,1
7494619d-5cc9-4069-88f7-36dbbea513f4,1
74cba074-94b6-467f-9872-f65bb54a4bb1,1
74d95aea-cd25-4f2c-afd6-514f337a1a6e,1
74f420d7-8dcf-46b3-b17f-8af086063c7c,1
759234cb-27d7-4f6d-98d1-12013477c1a5,1
75d3a01a-22f2-4001-b75c-42f41aee961b,1
760d081b-f411-4aaf-896d-89bc18b476d1,1
76ebddb4-9457-4b94-9098-95ee539b8b20,1
77b5e90c-ea96-4694-9da0-1ff8e413652a,1
77eb0ff5-e8cb-46cd-94fe-a0887b2d0aff,1
781edfc2-28c0-4e16-bbd9-bbc6320ed825,1
783da196-33ac-45a9-b6c5-3293c8bfe2ea,1
78660fd5-4aee-4a8d-8c3b-b14ed9aefd48,1
7883f4aa-b7f3-4e17-8736-318340585710,1
78a209f1-a470-4379-a2c5-8ec6709be979,1
78ae3c35-bad3-4e3e-87b9-567e8a9d55b8,1
78caac93-2610-44e1-a661-589e032f1bf4,1
78d9914a-5cf4-4614-8c80-d286144e6299,1
7942a2c8-9bbd-4b24-a034-29309222efe9,1
799118fc-2cf4-4d4e-bf19-96368844a215,1
7992aa13-d365-4fa7-9f5c-7c831fbdf7f0,1
799f48e9-9952-4c94-ad5b-f5a81ea9b512,1
799f905c-6dfa-4f85-afd5-63b1a1c234c4,1
79c8cae5-c4ef-4185-9303-70dbc247b869,1
79da20a2-efe0-4122-a6aa-4e7aa727c76f,1
7a03e886-5c2d-4065-8a51-fd8283309310,1
7a66a91f-62aa-4fac-8d38-92e319d9a040,1
7b53b4eb-4a53-42f6-ab98-ee9a532c84d9,1
7b5e5f20-6707-4c52-a26e-102e59ccdb4c,1
7bf10557-de29-409a-a3f7-8006eddbe726,1
7c8aadfc-5157-4239-97be-4fa6d58d94b4,1
7d2e62eb-4e0f-4af6-a327-9c4d443ce99a,1
7d35e007-6c97-475d-b8f9-6b4e4899c422,1
7d56d521-8380-441b-b184-c897fbb7dc20,1
7da71d01-e198-45f2-aca4-1ac6171de449,1
7de7fd58-8c2d-4546-b1cb-c80b70908313,1
7f0488fc-bc27-4422-80b6-534041786854,1
7f117ec7-bc75-4716-952b-6630f5048085,1
7f985877-453e-4993-9a49-8e0900b7459a,1
7f9c9ee8-1d7c-4d65-8c0d-ec5afc838b79,1
7fb6befe-129d-46fd-953b-b9ce4ca30b9a,1
7fe6440e-d69e-43da-b90f-009c73cf5439,1
801eef3c-bf7e-4b51-ae62-d906bd5d4331,1
80742b44-3b93-409d-a902-d554b0c28fd3,1
8082cc49-1804-4812-9502-4db984ad4fa1,1
8087d3c6-4d01-408f-bc0c-27a926439f1c,1
80938f91-b606-4982-b2fc-3600f7e03529,1
809abdc1-0dcd-4363-81da-84c3d93e14c3,1
817655e7-3b42-4fb0-9d06-8c7ccca4efc1,1
81809411-bc59-4b9b-a002-d458cd93058f,1
81c9a556-5596-42c2-b131-8bda3c2b9fc9,1
82096868-6c93-4743-b90e-d0328f0dcbac,1
821cceaf-05d5-4080-b9a1-678f5862961a,1
82731b93-8f6c-4068-baa9-324c0c28481c,1
82bc68c2-4977-432d-95a3-0b7763074bfc,1
82cb4f6f-79dd-427c-b7c1-107106912403,1
82e7026e-120e-4d7f-869d-18d364106d9c,1
82ed5291-92bc-4f17-b8e9-3f24131f5e78,1
8387aa58-725b-40f5-9831-24a1d8812e44,1
8398f271-e829-49d4-ada5-3c3c31a37f41,1
83a38be5-c3ff-4710-9de7-917d502f6b3f,1
83e6bb20-abca-46fb-b596-5a48727e7c1a,1
83f10e78-ef4c-402f-8140-28bfdcadd8b9,1
843875ed-2721-4bf5-8834-75432f463403,1
84517ff6-dbc7-4f79-a0f9-5620e666af10,1
84cacdfb-315e-454c-b844-1a7bad532eed,1
851c5e4e-0feb-4a67-9d1f-4c41e9b97e9a,1
855528e1-a7e7-4d45-aa7b-c5e051493b9e,1
85b707d3-8022-49a6-a318-d124d4995822,1
85c52f3f-8404-4d00-b267-fd7d73f78a5d,1
85c7461b-7252-4c3f-8abb-a81b27eafe18,1
85ca8df5-9c3e-41c4-b054-72e08f2bc472,1
862477c7-845e-4357-a098-fb029ee37c17,1
86380980-fd68-43b3-9459-dde12184dca9,1
867507dc-58ab-481d-b5cd-06036746cb09,1
868fba7d-b77a-45c3-a001-c6269e46c979,1
86bfe5da-1622-40b7-be89-f8cf6b3a3053,1
86c17a1e-cc3b-4b3a-b20e-86e39daf1a39,1
86cceb6c-da78-497f-b55a-f5b9ba2ab1f2,1
8817acc0-86f3-46ee-91f8-badcef6b0e54,1
88996354-17c2-4c7b-bbb5-d1ee5f22dc9d,1
88b8f546-a6d3-4d34-8a13-f0929af9f379,1
8910d560-cb6e-4031-b314-18bd77241b21,1
8914ca79-4630-4282-a820-91ef5e4c3ee3,1
8936cebb-a925-433c-9cea-de3e1fb194b4,1
89a175da-608f-4551-905d-85403d7ebed1,1
89bc9d83-be07-45e5-a3e3-3781ae9b23ba,1
89c2c716-a274-4310-b6c8-5cd22cdbbf96,1
89cbe225-54a7-430e-9c63-7660af4b6fb3,1
89d4d4bb-2ac8-43d1-8c82-3c6ae9b1a3af,1
8a452c98-35bc-483a-a1a2-95a356d42854,1
8a5c9ee7-60e8-4b9d-9a7c-24752c5a4acb,1
8a7a4984-e1bc-4d3c-8b3c-3ca36779c39e,1
8aa67c3e-c2a7-4164-bb1a-626ad1a72919,1
8b1e17b5-9b3b-4792-9865-b5bda7da3dd2,1
8b52054b-a5e6-433e-9afe-51051a28df25,1
8b5e6a55-07e2-42f1-83b8-904b3f4afc22,1
8bd6c1f8-307a-4890-8a93-84067c5431a7,1
8c584f38-6fb9-4d38-a6e0-4d6afc72b8e5,1
8c587fa7-4bb5-4767-a417-a7725c4e1f80,1
8c775d45-7ec7-4e6c-b159-80b9de46e9da,1
8d6b1159-d0c1-4296-932b-7e8ae18905ca,1
8e06b16a-66bd-4105-a60e-e8263d2acca2,1
8e9c1a04-a3c8-4eb3-988d-9700051d623d,1
8efab724-52bc-4db3-8469-c41190437079,1
8f0dc523-c4ee-48d8-91eb-00fae8fd6435,1
8f15039c-b88b-420c-8fdb-0160768af80f,1
8f27de30-e35d-4e89-aa9d-ab3eb2463b05,1
8f42780e-84a3-4a67-988d-854ed8c7b23d,1
8f45053c-3232-4cca-afdd-3112ea954be0,1
8f957985-10ae-43d4-a623-01c96d18f1fd,1
8f9e3457-8932-4061-845f-0016665f4658,1
8fc015a5-cd9f-4b09-86fd-6f9bb23a8f15,1
8fc12dd9-3909-4c35-a365-c85a7aae8fd7,1
903b19e3-c233-4747-bcf1-daa2d9abc718,1
9044f21a-b943-42df-b58f-d1d94e8fbd85,1
9086c7c1-d292-426f-9256-f9938d50f2c6,1
90980836-7f15-4b85-83f5-ce3fed4673a4,1
9155eb5e-2ab1-4afd-80fd-c3a81580c928,1
916441be-e6e1-45ab-b0c6-f8144a7761f4,1
916c46a6-6ded-44fb-a2dc-fd28692e7246,1
918805e8-9765-41a8-9eac-bff9a922d46b,1
91bc6477-9709-49a7-8f71-39f389151e11,1
92d1acca-8bfd-4309-9917-a70ca4dd7eae,1
92d2a383-6606-4175-ab92-c6744616cce3,1
93971f73-80e3-448c-bb57-1b8ed2c19048,1
93cc0586-9538-436c-b826-0b4d15049746,1
94198811-de47-4499-9516-f2efddce5139,1
9447e0a0-2fa0-47e6-a8a6-26558729e6e1,1
94d809c7-a3c5-43ab-9d43-e71c4f0eedc2,1
94ec4c22-3d85-49f0-9eb0-1d5f6c90babb,1
957b560e-9462-4525-90ff-ae83aaf5d113,1
95c31a80-c493-4b8f-ae62-4a7936d51b9c,1
96b5dd36-d9d1-46f4-913e-5b12fb5a67ef,1
96dec7ca-431d-42e7-8010-b4b28ca751af,1
96f2d57a-025a-4369-babc-1085f48f309f,1
97441041-ffbd-4762-ab26-10bc2c696e62,1
97693249-e4f0-4ee8-bb33-4b92f7990738,1
97bdf4b1-f2f1-4d28-afdb-edd13024afdd,1
97c4b43d-2b97-4a4c-8a19-d4a995ce416c,1
97e0e286-e1e8-49bd-bb70-b5fd126e54d1,1
97ee2347-858c-42c5-89bc-d2ad5bd22751,1
97f1dae4-fabf-4eb3-b845-e3084ec85f11,1
982e8b2a-0256-46d3-a22c-8e00675cbfc3,1
990222b8-4634-4638-b912-dbfa1f593892,1
991f7a85-5f4c-4bc5-a0d5-c102ecb13d19,1
993ee0fc-b14a-46e4-827f-357cade73ce2,1
994e6f95-a53a-4d94-bbf9-4bc935e569d8,1
9965be5b-0f37-45f5-ba78-fb6ad1462fd0,1
99dfdf08-1b04-46b0-af8a-1d5a5d8fce75,1
99e8129b-2c67-4445-b940-9350b67a4e43,1
9b879db8-99b0-4fa3-b1ff-8171549e61f8,1
9b972bd2-6596-4ded-81d9-dfd53a3136e2,1
9bdd637d-44a9-4ed0-a098-9ec311234144,1
9be0da51-7328-4186-9c14-8d112b370231,1
9c19bfca-c7a1-42ab-94d4-ba60a154fa29,1
9ca6a86d-c4f3-4cdf-aae2-34a0fc94c13e,1
9cafc44c-91d4-4f01-b725-3214dc066c8b,1
9ce150a3-fde2-46ec-b28a-85b910548acb,1
9d71da66-98dc-43b9-a668-913b7337abd7,1
9e619a5f-6ead-4533-abbe-2bdfddd0ee65,1
9e772456-4823-4ce0-b4ca-4a9968b6c3a2,1
9e87c8fc-cd3a-4348-b8f2-a52520d6b420,1
9ef43d48-39e3-4edb-8883-038473601d85,1
9f7936cc-7d23-4e62-96ac-5661abaeb12c,1
9f7a54be-cef0-4d7f-aa79-e5f9e2383ea9,1
9f80dc11-0621-4314-b2ce-f0136928e15c,1
9fbdd49c-6bda-4fe3-aa69-42055362fdbd,1
9fc72675-c3a5-4cf6-aeb1-95d190980f78,1
9fd21ee7-bea8-49b3-86a0-2f3ab5dbb5ad,1
a00cb258-56ef-45db-b046-6b5cca6ab1e1,1
a01a9625-4506-4ba0-837a-ceef24d22f95,1
a0369818-2a77-4950-bb65-d3bcc9b89557,1
a036b8e6-6fce-44f7-9574-460f948cfec3,1
a03afb97-5e99-4c50-ab24-ade5037b8501,1
a052a5f2-a70d-467e-9e8a-c90c800db248,1
a0b4bded-6f24-4af5-9878-b90319887f7d,1
a109560a-814b-4ce9-a9d9-6012c6df03d8,1
a115c2c9-f22b-4ef7-ac99-2dfd4e36601d,1
a12b55b1-9e76-4e7c-b4c0-a33e9e477186,1
a15c368d-be19-4ac0-81cb-120b7f017acd,1
a18f9339-f79c-464d-bc47-848fa38011d1,1
a1b7a38b-a4a4-49be-bd76-b5549ab20ce5,1
a1c17c06-7087-4606-a7fb-6f4bb5cdb011,1
a1e8a321-091b-440e-9e79-677dfe08fcaf,1
a2e3bb8d-4e1f-468d-abcb-19ca584acb2b,1
a33fb3af-24f5-4e6b-ae11-483e65677852,1
a3646de1-3f6b-4ef4-848a-9747e5554561,1
a369cf7e-0666-48ec-9860-b02683f55485,1
a425188c-be0e-4ee6-a4b9-2cf352fd8122,1
a4294553-5c07-4bf1-b07e-aebd067d45b5,1
a4453d3c-5371-473b-8a29-6f888d449f44,1
a44dde8a-5502-4920-9e5c-3cc66464c530,1
a4675452-6c4a-41c1-9340-35cbf2166bad,1
a49db4d1-5a96-4402-80c3-9a417012f373,1
a4f01059-6da4-4a8f-9982-ea5088d95428,1
a536b6f5-53fa-41f8-b30b-e89758b56d68,1
a539ab9f-2425-430b-b313-05413912f346,1
a565e459-a631-4226-8c81-d89b8946ec67,1
a595c02f-71cf-41d4-87e7-0884715785a6,1
a59af5ba-d4b9-4ef9-b1d6-cac39a69fca4,1
a5a9f084-7dd7-4a8d-a5c3-8068d29a243c,1
a5e1f0ca-5607-4735-b021-f9bade56949a,1
a630b806-f1a0-4905-bced-878b985484f1,1
a65901ab-6bce-440c-842f-d9621a415eef,1
a6ce4fc6-5314-4e69-9d7c-c3c57cf0fee7,1
a70bc59e-da13-4808-9ccf-fe00689f595a,1
a719bea5-6ec2-49a8-a8f9-1d67141e0451,1
a77e79df-6b8e-4d1b-a13d-2b2732ac70db,1
a7eb5f2a-2321-4433-ab4d-ed030cfff7db,1
a8355259-6d8e-4e3d-9b26-c3f3fe4161d5,1
a8501635-8c96-412e-a689-fc2234058bd0,1
a8560634-f279-4ead-b783-3e3607b9ed06,1
a87ae524-f7cf-48b8-8f85-f22185577d4e,1
a8b94c21-c982-4a65-8abc-2dd7281552dd,1
a8e18cd5-40ae-4c10-9319-998077d88c89,1
a9327da0-1ed8-4a0a-a386-fe1c548a31e2,1
a96d7a1e-b071-430f-a245-73a8098f37a4,1
aae6e823-dd39-4d81-bbca-a5a02fc00779,1
ab8aa654-c45c-4956-934c-0472856fac17,1
ab8c46f3-41a3-4e3b-8669-3cedfe725ae7,1
abcc61f9-442f-492d-a351-6a34c5ab64e7,1
abef548f-253a-4b96-ad0c-4132d8b79f41,1
abf2bbfd-83fa-466b-8cab-72a0116228ea,1
ac355781-0f75-4a5d-8088-f075f1015d92,1
ac376160-52c2-4c88-984c-cfeb9dd9ece4,1
ac470acf-48dc-4d10-8063-01a24576509d,1
ac797870-f371-4dc8-a144-8b47ace765eb,1
ac7fc238-5629-43a9-9219-a29b3e3233f3,1
ad1082a8-b713-49c7-a9ea-a740b1a7fd29,1
ad6a96c0-fbc5-4a2b-af09-9d30b660dcbc,1
add1219d-002c-457b-be17-4e4b665de43d,1
ae229839-947e-4049-9d0a-35edf00cc73e,1
ae3e0c6c-75c6-481e-bd6e-c6d008d0bc15,1
ae93bdbb-f0da-480c-8dc0-349ac6c66c2f,1
af0ae7b5-4503-481d-869a-2f191c7b8af4,1
af81ad93-17f8-4a1d-b29b-427db0dcf3f3,1
afa0e272-d90b-47f1-9aed-79b2afbf8817,1
afa955f1-3870-41f7-8ffe-dfa0b651b032,1
afcb1693-6dbc-4e15-99fb-c72fc6614921,1
afdb8605-001a-41e5-9823-d345c50a8a0e,1
b004ae0b-875e-47d6-ab08-63c0e1be56cc,1
b024189b-3cbf-486d-ab7a-f2478ec5f40e,1
b0d06243-83b9-4600-9add-e53a04b247f5,1
b0dc68a5-2efe-45bc-9eea-779d5c9d6bd2,1
b12fa688-7848-46ea-aa04-a5411dac38fd,1
b14d1ad1-fd87-4776-98dd-17ff82423fbe,1
b15763a0-6b68-488b-8f09-b0c3d722181d,1
b216309d-8ab1-44c0-af54-97c14f8d6ad0,1
b28f4854-ad0e-463a-af3a-ef13d41945b2,1
b2e126cb-ec0e-4013-b570-73393f231c70,1
b3607079-25c7-447f-84db-c1ea48f8ff5c,1
b3708134-707f-40c6-b8c9-99cf019d7010,1
b39b5bbc-c507-4e5d-bca5-d7083e9f3577,1
b3c0c034-bcd8-4459-b759-97752735676c,1
b4206c63-ca69-4f59-85e9-322dac937b2c,1
b44530ad-c1f7-44d2-b675-5471539e3f59,1
b476ab49-0f84-4fd2-951f-f5ef9c71071c,1
b4a2c27b-1f51-440e-8ea9-84b363845637,1
b4b8a444-ef43-495e-8974-f0e8fab9afd4,1
b4ba83c3-fc34-4557-9c9a-9df93f9a524b,1
b4c847c0-d50d-497d-b32e-d81a1e00769d,1
b4ed78ae-92d2-4f29-b496-9cc93f4d502d,1
b56572d5-eb1c-41c8-980e-5d021e279e9e,1
b586e2ac-abec-459e-a405-701b1bc1d4b6,1
b6b27ea9-df3b-49bf-9818-bc9f845c502e,1
b70a6adb-6dd2-4721-886c-3dd0f3a46ee6,1
b77b1518-06f1-42e3-8bf2-881530266fad,1
b7cede95-76c5-4077-81b4-6d78512ecb98,1
b7d19db8-a404-425c-a638-8d782338d62c,1
b7d3255e-f276-4f2a-8232-4f0f8982c834,1
b7ddf5f1-56c1-4bf5-8627-929aeed68863,1
b7ddfe82-91e8-4c9b-bbd2-ea5498721296,1
b7fcbbe6-6e08-4959-9316-34eeb2a68f7d,1
b84ff667-b8b4-4cde-8678-21211c1d7aab,1
b9209432-885f-46a0-a9f0-91725ebca7d0,1
b98ee2b1-71b6-414d-8185-fbdebe49cad3,1
b9c5e0d4-cd6e-461f-add5-3cebe557e8a8,1
ba0a6bae-1aa8-423d-8695-5111032c4bdf,1
ba5dd8e8-9855-4cfa-a682-abd738659a3f,1
ba6d28fa-a0f7-4357-89b0-de129f327f6c,1
baff021e-02f4-46e3-8627-59ad14ee138b,1
bb34a76c-4ddf-439f-b1eb-4a11fb31456d,1
bb50e281-4a31-437a-88cd-3b0a1b3ce91d,1
bbe41276-40b9-489d-902f-b4ad6ab7da42,1
bc592c6a-365d-414c-aa49-30005114cbec,1
bcb79c80-4c17-4370-a6f6-90cd326363ac,1
bd91060d-78a3-4c80-8f41-1817f34f9408,1
bdbf1916-82a0-460b-a25a-5f33c30f7f9c,1
bdf5328e-c793-42c9-af82-fe16ca99c9a2,1
be1109f8-d5b0-4882-a185-fdf11dbf7af7,1
be182e3b-55a1-43e4-aaaa-c78f9a52349f,1
be57f1a2-64c4-4877-9284-c51341210f01,1
be795354-772c-4564-b0a4-1581247b3597,1
be9956a0-0b14-4724-b346-9891339d91c7,1
bef7f852-f1c8-4dda-ae04-ba22f0062b09,1
bf179f45-518e-4e76-a290-9a85a556f817,1
bf358d3a-d9aa-4bc2-9d84-8a195e30f22a,1
bf3f19aa-f903-446e-8863-54cb4786e242,1
bf6a2666-f28a-4c5e-8bf1-8d6a597c2cd2,1
bf768c3c-fc67-400d-a94f-17b6e057486c,1
bfc79e7a-e16b-47c3-916f-b43b91792afe,1
bfe749be-6f4c-4b7a-abc9-500e1cfed88f,1
bfeb8782-45ce-43a0-89e0-c09ebf2789cd,1
c0371390-bdb5-48a8-9473-dafe1eab88cb,1
c051bdf8-04c8-4030-838a-6ff14b9bce2b,1
c0d747af-eb25-423c-b491-4167ad8e25d3,1
c10da6fd-88f5-4a71-b618-88e6b88c7acf,1
c133adfe-cbf2-4b21-af02-4014049ee93a,1
c2567734-9f9a-4880-842e-2c123df1b587,1
c277a1c0-5026-486c-9a15-1587b0e5e17c,1
c2a770bd-45df-40b0-8540-25dd08955595,1
c2efd08e-0f32-40ff-95f4-893b4922bff9,1
c316a354-df97-452d-98f6-412aa782c058,1
c360113e-a350-476b-b421-a8858a7aa6a8,1
c36d88b6-63e5-419e-ae80-5ce37f978682,1
c444e6a7-0138-4da3-a5a0-ed81a0352559,1
c474ec18-3424-4756-bca3-452d0d0e433b,1
c486e12b-afbb-40ea-a8e9-cfccfdf8f9dd,1
c4af6dea-4f92-497b-8cb4-eca8485259da,1
c4b53144-16ff-4a24-b9d8-e54ed7d0d03b,1
c53dfebe-ef02-472e-a025-b5042936616f,1
c5e392da-1f7f-4922-941c-dc33eaa2273f,1
c5fe6066-b055-4d9a-852d-94cfc156dea5,1
c61ce92d-c093-480a-a439-2fffee1d6c73,1
c6be053a-3482-4c84-84af-6c9e2df2ca44,1
c7486e87-cdad-4923-a304-a7f10cae1767,1
c77b29ba-7597-4dbb-917e-ef1185918ffa,1
c77d528e-0bc4-40c1-b1ea-65d214394f74,1
c7efcc0b-5f7a-4106-a572-a79cc9d7502b,1
c893dfb1-1969-49b4-89ce-1e7e851ad74d,1
c8951f32-c414-45b1-b885-98539d66f3a5,1
c90b8735-3106-4d2f-b47c-31f393ed21d6,1
c93009b6-a206-4598-ac32-788f534296f6,1
c93061a9-a2f5-4f5b-b23e-e64227c33fc9,1
c9cecaf9-8e79-41c6-a880-cd4a702d4573,1
c9db30e4-5842-40df-af68-e1aaab48d295,1
ca1890aa-69ce-4e15-ac69-882dacf91b4e,1
ca2f2896-c49d-4931-876b-e7908413ff7b,1
ca6de5b0-8eab-4285-af6e-24f9325ab54a,1
cabec554-98c1-48ed-8d69-5a16136691df,1
cad7372a-e982-400a-96e1-48516f9dd28c,1
caeaf537-9562-418c-a553-81602ae36830,1
cba0cd19-0fce-4461-8c38-bcebcfed7e0b,1
cc01bf25-82df-43d1-946c-62d58f49ce9d,1
cc2f344d-c1fa-4dfc-ba8d-e1b912577a81,1
cc8a8f1e-82f1-42ad-b0ef-747d91bf4695,1
cca05fea-8d74-469d-a28f-d76bbffc7344,1
ccac0284-e9db-4334-b168-f4a7e447117c,1
ccec6a6b-4bac-42c4-8342-fd38c91bd174,1
cd10f37b-92e4-487f-9c63-87f1039ab922,1
cd39589c-6f40-47ff-92a4-fb3c9a1cd98c,1
cd398312-9d50-4e1b-911d-d922300aad4f,1
cd508bd3-300b-4326-b17c-902f284e06f5,1
cdb3ee99-a0ca-4ede-b8b8-fe99ff84a237,1
ce16255b-8d9e-4b7d-9f20-26654a9c69d5,1
ce304d9b-acfa-4dcb-bf3b-b8cc8d07ca5f,1
ce51770e-7818-415f-a2c1-2b97e93d6ceb,1
ceaea484-4f26-41b5-a3b5-4616852066d7,1
cecffb57-046b-4095-81f1-1e529886d7cb,1
cf87d34a-1f89-4515-9fe3-1d0edc24218c,1
cfa3709e-fc40-4b9f-9ee2-32a6b8e6dec9,1
d00cbab4-4c1c-4344-a989-24aae3ee9c2d,1
d066e7f1-9f79-492f-b8b4-caea05864bc9,1
d101bbf5-e985-450d-942f-84ed191ae70c,1
d10d6b75-523f-490d-8d1a-5d5037c71298,1
d1258d86-52ea-45ee-90a8-217bd20ff57f,1
d130bed8-3945-4138-a57e-87220fb6f2c0,1
d15adcd3-817d-49ed-9dd4-df83945e7481,1
d1999c0e-304e-4377-a1e8-8b323fc67350,1
d1be5a8d-f818-4f47-b490-b62ac4e5880c,1
d1dbb3ad-e3dd-4c03-bfb7-d72c8f6b6e21,1
d1ee30a5-3b81-49ec-b285-e89da99eb5d4,1
d1f48303-cc7c-4747-91e2-554a4316787a,1
d212557d-6623-4347-9f97-a494b511b2be,1
d28b96a0-e42d-42dd-82e5-4377b3f985b5,1
d2903bb6-89c2-4229-beda-8c07cd8ea1cf,1
d33ada91-d21d-4161-bbe4-e3e6fc9ea4e0,1
d395ff15-3d6b-46b1-9c60-4e07167617ed,1
d3acb48e-dbf3-444a-a2f7-8e2c29350228,1
d3b1216f-51b1-49df-8cc7-ed98574a3423,1
d483feb9-6ff3-4dd7-ac4c-10be8a66dce3,1
d495d6be-4a48-47bc-946d-f32fee6c468e,1
d4b56253-0895-4f45-b36a-809b03e1d81a,1
d50e214f-4cdf-4494-ae72-c29dfae7bba0,1
d6389006-9d57-43a5-857a-b0098b4d5f1f,1
d66b25ef-e2f8-46fe-a2d4-30b00b77c43b,1
d740fd74-cef5-442e-b2ce-3287865e4165,1
d7980067-2b42-494b-8e92-df60a28d65c6,1
d7ad3366-e09d-4916-bbb1-96cbff64e0b9,1
d802e2ca-e9a0-418a-9a7b-4e5abd375bbd,1
d8229115-3161-4304-9700-de61653d725c,1
d8bab2b2-f8e4-43b7-9e28-9c992ba25ff8,1
d954ecdd-c22b-4dd3-9a27-eb985d20b661,1
d9a67723-3110-4fb7-88bc-c9146c785e68,1
d9b8945d-7efd-4645-b5cd-cd6d4cbb1b3d,1
da3ca3d6-3118-4586-b387-6af5c2c9d8f8,1
daae59ac-2617-4361-b227-7f2067d639b8,1
dad3877d-e30d-4090-85f3-ca20af2a7e75,1
db3e1c86-9a84-4f4b-b820-2f3a3498c8a8,1
dbfbb273-e7f1-42cb-8cd8-8fdabb039cdf,1
dcb52447-6919-46ad-b0b5-0a1cd8fa3039,1
dcfe9a1a-2541-41f1-923f-03bb1f4c8836,1
dd33122f-f764-4821-9091-0e82ef6bacd6,1
ddfc0eb9-90dd-4c46-a8ad-cc9fb40764ea,1
df20bcbd-23fc-4547-b3d5-bd4fc122fafb,1
df7690b7-8c29-4a1e-b133-42075afd51d2,1
df7d3b1c-a8ff-46b9-99a2-221fd2f46285,1
df8f8710-9ded-4410-8e05-7c68c2527dc8,1
e003111e-f791-4d09-9391-8d84f880c245,1
e07dd2cd-8b83-464f-80bd-b95004912514,1
e11ba6ed-1868-4d02-b6dc-70b7220b1c04,1
e1f02481-2680-4d3b-9b4b-2526503457e9,1
e214f758-29d9-45ec-adb3-57bf577454bf,1
e217d989-358e-4cd9-a3f7-57c3ad87c5e4,1
e2470e20-2d34-487d-92d5-bfa3a978705a,1
e25bd489-d442-42f8-ac2a-929c880f3aa8,1
e279e4ff-a84c-42b9-bb51-34940c5aa4bf,1
e28f0532-9859-4245-8dda-8fc7c888af19,1
e2aa7c3f-d794-4b4b-aab3-b4b50b9bdf96,1
e2b7984c-9b82-452c-b6fd-9d14d17f7576,1
e2b88928-509f-4733-a78f-d84434e1a1ef,1
e2bd0343-3f0d-4cc5-8ccc-aa5b2cbb8547,1
e2ff14bb-3a08-488b-82a1-27cd939ecfe5,1
e3489556-03fe-4f74-b6fc-4c7c632087fb,1
e3a58ede-217f-4ee0-8f7f-97497f3dee0e,1
e3e60eca-9db2-4253-8d46-af8370f872e7,1
e3f7972b-a4bf-4c8c-9d97-8852b754e180,1
e46c7b45-9ed8-4544-9f7a-6c742fa4e072,1
e49d9381-ba4b-46f3-b111-40317aaee043,1
e4e71559-4a4b-4307-8f12-6b993a983f95,1
e5614720-5b1b-4029-ab30-243520d27dee,1
e60209a0-ceba-4da5-b33f-696355557871,1
e62e2833-11c6-4dac-b3c5-5505506a0415,1
e64be809-c56b-4bd9-8187-334e1653e165,1
e67c3b57-b2a1-4bc7-a581-d897fe20f8f5,1
e6903492-254b-4f72-abfd-100feee2e45b,1
e6e33453-4776-4644-9f6c-601a88d6c150,1
e6edfb2b-438a-400b-9f72-72c8d641f7b4,1
e725244c-59ba-4ec0-8c6f-53270a7d62a3,1
e7d5a4ca-1bd9-4605-ba38-a59bca7712af,1
e84d735a-5e87-48fe-93cf-9ce1b888e1ac,1
e8bbf53c-a17f-4c49-a136-162239e92cd6,1
e931a0ab-50cb-4ec9-87b8-a93485b3784a,1
e9d5aee4-6440-4291-9ff9-862e671163c2,1
ea5ad1ec-c5d5-4870-a64d-86efb7b2e7c0,1
ea6f6a98-feec-463b-8099-a6abed89ce9e,1
ea80f9d1-9507-4bac-ae51-c18c56d19a87,1
eb4e6535-c10d-4411-81a5-e00368de8665,1
ebf25dc1-b744-4a8a-ad9d-2fd916fabc8b,1
ec87640d-7ae5-492c-8076-af7becc7ca6a,1
ec96e87a-6f78-4b0f-a909-ce593832d9f1,1
eca77e12-1367-474b-8a63-a0f297b19e30,1
ecbcbb93-5d63-4fae-a28a-e7b1f02f056a,1
ecc3b41a-cfcd-4822-a6ab-eabf178352d8,1
ecf9aa73-6020-40ac-a5b2-70f8af543b7b,1
ed1219ca-83d9-452e-9b0e-07373e46a3eb,1
ed840aa2-fe18-4a84-9a21-993796d86b75,1
edadf474-4b27-4443-9cb3-0f1e3595de0f,1
edb45be6-8cf0-4ff4-b095-612fa6463ecd,1
edd65efa-66d4-426f-ae0f-e4d58cc53d72,1
ee03a1cb-d40c-46de-b1ba-71ff96073e7f,1
ee7b686b-15b6-4984-a9a1-ab9fbac2e7d7,1
ef82552b-da3c-4e0f-8048-eac35a8cd091,1
ef9f21ff-bb51-4233-a9b6-bc6586487131,1
efe50537-8841-4ef7-b616-e91d060774e0,1
efebcf82-2735-4f53-bd41-02832601d982,1
f05b967e-7f53-4d2c-8f98-1c6478f775d7,1
f07feb22-1b17-441e-b569-c8a0afba5448,1
f08411fb-f59d-4e24-a4c2-3e192c242748,1
f0dcc9a3-de8d-45c1-ae02-081bcf4fe700,1
f0ddb8af-75fb-4a13-9d81-37f241e97bba,1
f1e95918-068d-435d-a5cd-801b8588cadd,1
f1f30c8e-80e4-493e-8e44-c1b2f2eae7e2,1
f218aaf0-62d4-4ca5-aba1-c0d27fa44ee3,1
f2d526fa-d643-43c5-b74b-6b16b462b2b9,1
f2dca991-6b23-4fb0-a60b-0eaad7cccf30,1
f317480f-f2b7-4365-a537-142747bdd6ff,1
f382c7bc-03a2-443c-91ea-5191f959a76d,1
f3b789f5-6397-4fda-bef5-8f6464ddcd0d,1
f3dae77e-9e74-4b20-afee-7d3b398e94ff,1
f3ddc661-2d69-4691-b6e0-371570aa7638,1
f4a9c9a3-a2f4-46f6-9357-d4546a7c33c5,1
f4e9812e-52aa-49b4-a141-50ef3976d420,1
f5047079-774b-4432-92f9-2fcd8af8ed4b,1
f59e1ff8-16af-40d6-8ba7-790ce82c955f,1
f5afe1ff-fee2-483e-8300-36ed05b726e9,1
f5e1aac2-5e0d-4164-a50b-ecfb30644645,1
f5f9e0c6-8b12-4d23-a272-5e5404542358,1
f6359076-b035-4096-8b95-4195d03b3173,1
f64cfda9-2b55-4d8e-924f-6135edaf7115,1
f689a34d-8e92-46b9-8d9a-1558537574ed,1
f6d6fe80-bd96-48c3-890a-744d64aae526,1
f73631b7-807d-47a0-afaf-a9325bb92ab2,1
f7a27d6b-b092-4b4a-9c56-00fab0fec813,1
f7dbcdfc-e8a9-49e1-a6ec-3a15531cfc32,1
f7ed8b79-d0fa-4904-b174-75075743d684,1
f7fd0759-14a0-45e8-bf52-457eb2f967df,1
f83c3637-1bed-4fd3-83bd-3240d9243d79,1
f8defe57-ad54-4296-bf35-871e995f28b7,1
f8f754ad-32dc-4f26-bf68-0bfbc7b7a9d8,1
f904b795-de47-4a22-8a53-a6a364b1b32d,1
f980035a-e0d5-4f12-80f9-79b08fa0782f,1
f99e8592-7279-4f49-9614-46609a2d3a60,1
f9de7d66-103c-4584-b3a2-257708028e13,1
fa58bd23-2b40-4a28-8493-f4012bdadf44,1
fa769e86-e9b9-4b9c-a9f0-fa8c58e77c92,1
faceb848-5ed6-4f5f-92a6-ae3fafbe6073,1
fb228064-2edf-4937-9f30-55e8b62b574c,1
fb4846ff-c487-4cee-a19c-59a156393aa8,1
fb6cd141-3ec9-4d3b-8aa7-6c9056f9fecc,1
fbab03d6-538b-45fd-bbf2-797dcd22c03f,1
fbd315b0-b18d-43cd-a79b-f90a241b51b9,1
fbdb77eb-91c0-4b80-9ddc-91bdccb56397,1
fc690284-880f-45e6-bdfe-fbae76f1df17,1
fc9b01ba-5ddb-44f2-99b3-b3696ece0db3,1
fca85601-3b5c-4d07-b791-504a625c44b2,1
fcceee13-bf5f-435b-b2e3-a2f8da8b2073,1
fcf155d4-c7c4-445a-af1b-6fce17d15a50,1
fd0cfd54-28ab-4b70-b4d8-905c9611fc73,1
fd24b698-fe83-4542-844b-058302ee5c1d,1
fda386ae-77e9-4af8-b92f-fe1280c503fb,1
fe3aa1f9-a863-4587-b39a-ce6d3266cf4f,1
feb650c8-7fd7-4e46-960c-581a5cff069a,1
fed621b5-a2fe-4e05-99fc-0a546cd0f3c9,1
ff7e02d0-f3cf-4742-b1ba-2f48d045b792,1
ff914e9d-2c2d-46c0-858c-624872fe41c3,1
ffb7fb9c-84e5-44ed-93aa-364eb041cef3,1
